accuracy,precision,recall,f1_score,roc_auc,tn,fp,fn,tp
0.7252473581476745,0.6618501649128318,0.6859840468826306,0.6737010391686651,0.7995923489927219,6561,2153,1929,4214
