accuracy,precision,recall,f1_score,roc_auc,tn,fp,fn,tp
0.7218819411725113,0.6518194171825457,0.7027510988116555,0.6763277455741814,0.7993490559760189,6408,2306,1826,4317
