accuracy,precision,recall,f1_score,roc_auc,tn,fp,fn,tp
0.7292737104265297,0.6597839738759106,0.7127041840777121,0.6852238338724825,0.8057199703426876,19370,6772,5294,13133
