accuracy,precision,recall,f1_score,roc_auc,tn,fp,fn,tp
0.6584101770209329,0.6061630218687872,0.4963372944815237,0.5457800053700886,0.7017675027034322,6733,1981,3094,3049
