accuracy,precision,recall,f1_score,roc_auc,tn,fp,fn,tp
0.6803526956989971,0.6247762262799856,0.5681263226436595,0.5951061471566204,0.7340768003767301,6618,2096,2653,3490
