accuracy,precision,recall,f1_score,roc_auc,tn,fp,fn,tp
0.7662725212591712,0.7379961968148324,0.6739566939816574,0.7045241809672387,0.8454372059852682,21733,4409,6008,12419
