accuracy,precision,recall,f1_score,roc_auc,tn,fp,fn,tp
0.7124587736420542,0.6352073999132822,0.7154484779423734,0.6729444189251264,0.7859223021842926,6190,2524,1748,4395
