accuracy,precision,recall,f1_score,roc_auc,tn,fp,fn,tp
0.7121222319445379,0.6348265895953757,0.7151229041185089,0.672586695246115,0.7861759164964789,6187,2527,1750,4393
