accuracy,precision,recall,f1_score,roc_auc,tn,fp,fn,tp
0.71010298175944,0.6558573853989813,0.6288458407944001,0.6420676473032494,0.7816557495070717,6687,2027,2280,3863
