accuracy,precision,recall,f1_score,roc_auc,tn,fp,fn,tp
0.6941509052971663,0.6379161635328618,0.6019860003255738,0.6194304857621441,0.7603415551122993,6615,2099,2445,3698
