accuracy,precision,recall,f1_score,roc_auc,tn,fp,fn,tp
0.7437680899279768,0.6591704147926037,0.7873772182124057,0.7175923636183787,0.8519246963570855,18640,7502,3918,14509
