accuracy,precision,recall,f1_score,roc_auc,tn,fp,fn,tp
0.7193242242713872,0.6360877362394813,0.7506104509197461,0.6886200716845878,0.7975563170045894,6076,2638,1532,4611
