accuracy,precision,recall,f1_score,roc_auc,tn,fp,fn,tp
0.7193915326108905,0.6353166986564299,0.7543545498941885,0.6897372925504205,0.7950601140270571,6054,2660,1509,4634
