accuracy,precision,recall,f1_score,roc_auc,tn,fp,fn,tp
0.7176415157838056,0.6325891641709774,0.7564707797493082,0.6890058566239158,0.7998211454930535,6015,2699,1496,4647
