accuracy,precision,recall,f1_score,roc_auc,tn,fp,fn,tp
0.7216800161540015,0.6407345107933838,0.7440989744424549,0.6885591624613994,0.7998518104822591,6151,2563,1572,4571
